SID,Nombre,Latitud,Longitud
460,San Pablo - DASA,-33.4422,-70.7467
1,Visviri,-17.595,-69.4831
777,Renaico,-37.726111111,-72.604722222
1289,Los Guindos,-33.89083333333333,-71.23361111111112
155,Cachapoal 5 km a. Jta Cortaderal,-34.3464,-70.3764
1116,Carriel Sur,dmc,-36.77833
227,La Sexta de Longavi,-36.1128,-71.6156
651,Chocalan,-33.725555556,-71.209722222
589,El Chalaco,-32.181267,-70.78492
1146,Coquimbo [El Panul],-29.99874,-71.39851999999999
397,Río Serrano en Desembocadura,-51.3328,-73.1092
1267,Canela Baja (Liceo Padre José Herde),-31.39,-71.41278
559,Remehue,-40.522204,-73.063654833
1144,Canela,-31.390890000000002,-71.41298
457,Lo Prado Cerro San Francisco,-33.4581,-70.9486
26,Captacion de Codelco en Inacaliri,-22.0354375007255,-68.0716823224048
601,Pullancón,-32.30708283,-71.23075
52,Paso Sico,-23.8217,-67.44
367,Lago Cachet 2,-47.1981,-73.25
1356,El Carmen,-30.46796,-71.03493
787,Sta Inés,-38.504722,-72.343611
1118,El Tepual  Puerto Montt Ap.,-41.435,-73.08472
1305,Guatin,-22.761111111111113,-68.07277777777777
671,El Colorado,-33.35,-70.29361111
742,Tierras Nobles,-37.441944444,-72.617777778
1363,Temuco sector Norte,-38.698183,-72.552011
1138,Tongoy Balsa CMET,-30.27508,-71.56158
382,Lago Dickson,-50.8228,-73.1125
322,Río Cruces Ante Bocatoma Celco,-39.5575,-72.8875
833,Iglesia Colorada,-28.1489444,-69.89183333
1298,Carlos Ibañez,dmc,-53.00167
877,Parral Norte ,-36.230277778,-71.732222222
795,Gaby-Ranquilco,-38.116919,-72.883497
841,La Copa,-27.345439,-70.622009
1279,Angol,dmc,-37.79583
588,Manuel Montt,-32.322861,-71.06105583
621,Olmué,-33.021944444,-71.186388889
793,Allipén,-38.9997222,-72.5210833
610,Puchuncavi,-32.7310833,-71.4241389
835,Jotabeche,-27.588611111,-70.244722222
937,Isla de Pascua,-27.13361111111111,-109.3517746
845,Longaví Sur,-35.953055556,-71.608055556
688,Sierras de Bellavista,-34.815583,-70.751067
246,Río Diguillin en San Lorenzo,-36.9244,-71.5756
139,Estero Arrayán Montosa,-33.3256,-70.4561
591,Limache,-32.994444444,-71.260666667
466,Portezuelo-Codelco,-34.1983,-70.5792
951,Los Espinos,-32.8901667,-70.3821388
165,Cachapoal en Pte Arqueado,-34.2731,-71.3717
456,El Colorado,-33.35,-70.2936
1263,Lluta Tocontasi,-18.3667,-69.9003
419,Villa Tehuelche,-52.4414,-71.4022
846,San Pedro-Pencahue,-35.333888889,-71.769166667
210,Cn Maule N Alto P Nevado,-35.7147,-71.1806
264,Río Biobio en la Culebra,-37.7964,-71.6989
708,Ventisquero-Apalta,-34.608055556,-71.246944444
1327,Los Ángeles,-37.466041,-72.359035
772,Nueva Imperial ,-38.761388889,-72.8775
1273,Eulogio Sánchez,dmc,-33.45528
485,Guardia Marina Zañartu,dmc,-54.9317
847,Pencahue,-35.455833333,-71.772222222
329,Río Forrahue en Río Negro,-40.7956,-73.2144
812,Ticnamar,-18.58007,-69.495965
918,Ovalle Escuela Agrícola,-30.58,-71.18666666666667
370,Baker bajo Ñadis,-47.5,-72.975
136,Estero Yerba Loca antes Junta San Francisco,-33.3414,-70.3636
731,Lebu,-37.682541,-73.522166833
40,Canal Chunchurri Bajo,-22.483611111111113,-68.92888888888889
427,Río Condor,-53.9964,-70.0781
910,Defensa Civil,dmc,-18.491111111111113
475,Isla Teja  (Universidad Austral Valdivia),-39.8072,-73.2517
859,Viñedos Puertas,-34.986944444,-71.279722222
303,Cautín en Cajón,-38.6867,-72.5028
198,Estero Las Garzas,-35.7525,-71.0025
879,Chanco,-35.453809833,-72.3143
1339,Santo Domingo,-33.640315,-71.60728
318,Río Calle Calle en Pupunahue,-39.8044,-72.9025
402,Cordillera Riesco,-52.8425,-71.7642
862,Morza Norte Ex Peteroa ,-34.835,-71.024166667
68,Río Copiapo en Pastillo,-28.0003,-69.9747
751,Calama Rural,-22.471029833,-68.94298
88,Río Cogoti en Fraguita,-31.1119,-70.885
817,Colonia JF Lluta Bajo,-18.413709833,-70.206109833
913,UNAP (Universidad Arturo Prat),dmc,-20.270833333333332
371,Caleta Tortel,-47.7997,-73.5358
757,Socaire,-23.590585833,-67.890062833
737,Termas de Chillán,-36.90361111,-71.41
128,Río Olivares antes Junta Río Colorado,-33.4878,-70.1367
754,Toconao,-23.18611111,-68.00555556
733,Negrete,-37.595277778,-72.466666667
131,Río Colorado antes Junta Río Maipo,-33.5875,-70.3669
285,Cn Collao,-37.3022,-71.6467
1306,Río Claro en Tunca,-34.385555555555555,-71.10166666666666
381,Río Paine en Parque Nacional 2,-50.9603,-72.7925
836,Hornitos,-27.728888889,-70.196666667
692,Peumo Norte Ex Las Cabras ,-34.326944444,-71.258888889
180,Embalse Rapel El Muro,-34.03722222222222,-71.58555555555554
256,Bío Bío Ang. Ralco1,-38.0369,-71.4781
560,Osorno,-40.533333333,-73.0725
349,La Junta,-43.9708,-72.4056
11,Belén,-18.4669,-69.5167
357,Río Aysen en Puerto Aysen,-45.4058,-72.6231
106,Río Blanco en Río Blanco,-32.9072,-70.2978
1102,El Vergel,-37.8278098,-72.6596649
447,Los Libertadores,-32.8456,-70.1192
216,Cn Duao Zapata,-35.5892,-71.5358
1330,Papudo,-32.507882,-71.445437
465,Nilahue - La Quebrada,-34.6314,-71.725
461,Lo Pinto,-33.2681,-70.7322
673,Lo Prado Cerro San Francisco,-33.45805556,-70.94861111
736,Bulnes,-36.735555556,-72.366944444
484,Escuela Alberto Hurtado,-53.1392,-70.9167
938,El Yeso Embalse,-33.6767,-70.0886
768,Cunco,-39.006666667,-72.251388889
853,Parral,-36.213333333,-71.7375
385,Cerro Guido,-50.8986,-72.3314
36,Río Loa en Escorial,-22.4419,-68.8886
6,Lluta Alcérreca,-18.0036,-69.6331
646,William Fevre,-33.671388889,-70.581666667
790,La Isla,-38.03,-72.982
418,Río Penitente en Morro Chico,-52.0511,-71.4247
445,Mataveri  Isla de Pascua Ap.,-27.1606,-109.427
432,Bahia Yendegaia,-54.8817,-68.6825
425,Cameron,-53.6369,-69.6506
203,Melado en el Salto,-35.8842,-71.0192
753,Caspana,-22.334515,-68.213597
642,Buin,-33.707361111,-70.701555556
894,Embalse Recoleta,-30.492222222222225,-71.09055555555555
377,Jorge Montt,-48.254444444444445,-73.45972222222223
923,Curacaví Ad.,-33.41111111111111,-71.16777777777779
496,La Union Norte,-40.288667,-73.071333
49,Quebrada Farellones,-23.6144,-70.3703
569,Ensenada,-41.233333333,-72.516111111
3,Parinacota Ex Endesa,-18.2042,-69.2683
661,Lo Pinto,-33.26805556,-70.73222222
321,Cruces en Rucaco,-39.55,-72.9
749,Altos la Portada,-23.5040977,-70.4046663
838,Copiapo,-27.345833333,-70.407777778
189,Río Mataquito A. Abajo Planta Celulosa Licancel,-34.988055555555555,-72.02083333333333
436,Puerto Navarino,-54.9256,-68.3236
248,Río Itata en Paso Hondo,-36.6261,-72.4892
665,HUELQUEN,-33.862083333,-70.639194444
306,Estero Botrolhue en Labranza,-38.7639,-72.7542
1324,Quilpué,-33.076,-71.421
763,La Providencia,-38.289444,-72.611389
71,Portezuelo el Gaucho,-28.62638888888889,-70.04722222222222
775,Puala,-39.381944,-71.5725
842,Falda Verde,-26.299806,-70.624111
86,Quebrada Larga,-30.7253,-70.2917
1151,Estero Derecho,-30.38407,-70.41286
858,General Freire,agromet,-34.96638889
388,Río las Chinas antes Desague Del Toro,-51.25,-72.5167
298,Río Puren en Tranaman,-38.036599724866,-73.019219101224
660,COLINA ,-33.218777778,-70.715833333
905,San Pedro,-33.768888889,-70.929722222
643,Morandé - Romeral,-33.706388889,-70.772777778
1293,Cerro Paranal,dmc,-24.6275
364,Río Nef antes Junta Estero el Revalse,-47.1378,-73.0869
561,Polizones,-41.115147,-73.376627833
1159,La Serena [CEAZA],-29.915020000000002,-71.24221
218,Digua Embalse,-36.2558,-71.5481
1308,Río Huemules en Glaciar Steffen,-73.67333333333333,-47.5425
493,Mariquina,-39.620833333,-73.073333333
249,Estero Bellavista en Tomé,-36.6394,-72.9503
91,Choapa en Cuncumén,-31.9667,-70.5944
880,Laberinto,-35.6993,-71.2687
262,Río Huequecura Aguas Arriba de Embalse Angostura,-37.7047,-71.7683
213,Cn Rest S2,-35.6175,-71.5389
24,Captacion de Fcab en Siloli,-22.0271026819169,-68.0408492136483
707,Santa Cruz,-34.690833333,-71.4
924,Río Clarillo,-33.72833333333333,-70.49666666666667
401,Seno Obstrucción,-52.2094,-72.4783
782,C. Llollinco,-38.976944,-72.997777833
1294,Cerro la Silla,dmc,-29.25833
8,Putre,-18.195,-69.5589
534,El Romeral,-29.75497,-71.25753
361,Río Ibañez en Desembocadura,-46.2692,-71.9908
598,La Cruz,-32.822,-71.2304
1264,Arica Oficina,-18.4775,-70.3208
404,Río Verde,-52.6042,-71.5019
263,BioBio en Rucalhue,-37.7106,-71.9017
245,Canal de la Luz en Chillan,-36.5967,-72.1003
196,Río Cipreses en Dasague Laguna la Invernada,-35.7381,-70.7778
814,Truffa - Azapa medio,-18.547727833,-70.124645833
571,Huyar Alto,-42.403919,-73.568191833
624,Coyhaique,-45.739722222,-72.125833333
323,Río Cruces en San Luis de Alba,-39.608333333333334,-73.15277777777779
225,Nevado Longavi,-36.23416666666667,-71.14333333333335
940,Lo Aguirre,-35.9697,-70.5719
674,Olivar Alto,-34.203055556,-70.824166667
717,Sta Rosa,-36.535195,-71.916433833
528,Punitaqui,-30.78,-71.256111111
164,San Fernando,-34.5983,-70.9686
1156,Corral ESSAL,-39.88806,-73.44056
429,Russfin,-53.7594,-69.1892
67,Río Copiapo en Lautaro,-27.9747,-69.9978
720,Cobquecura,-36.1245278,-72.7953889
574,Quilanto,-41.030728,-72.996308833
273,Río Malleco en Collipulli,-37.9647,-72.4361
219,Canal Alimentador Digua,-36.2361,-71.5325
1282,Llano de Las Liebres,-30.257409999999997,-69.93699000000001
843,Longaví Norte,-36.053611111,-71.683333333
765,Cuarta Faja,-39.115555833,-72.605277833
347,Villa Santa Lucia,-43.4128,-72.3658
12,Ticnamar en Angostura,-18.5133,-69.5656
1164,Viña del Mar  Ad. (Torquemada),-32.94944,-71.47444
253,Lonquimay,-38.4536,-71.3742
718,Ninhue,-36.398105,-72.395202833
919,Monte Patria,dmc,-30.698333333333334
386,Lago Pehoe,-51.0783,-72.9933
408,Río Tres Brazos antes Bt. Sendos,-53.2789,-70.9789
1154,El Polvo,-31.18314,-70.5848
197,Canal Ad. Maule C. Pehuenche,-35.7961,-70.9953
398,Río Serrano en Desague Lago Del Toro,-51.2,-72.9333
208,Cn Evac. C Pehuenche,-35.7275,-71.1667
912,Diego Aracena Iquique Ap.,-20.539722222222224,-70.17861111111111
735,Mulchén,-37.703611111,-72.216944444
47,Quebrada la Chimba,-23.5586,-70.3953
864,Lien,-35.099146,-71.969797
728,Cañete,-37.892071,-73.411734833
832,Amolana Copiapo 2,-28.0,-70.0
884,Cauquenes,-35.955973,-72.289938
596,Los Perales,-32.333038,-70.744202
46,Liceo Científico Humanista la Chimba,-23.5544,-70.3933
354,Coyhaique Alto,-45.4803,-71.6044
1150,Los Molles [Bocatoma],-30.746,-70.41923
283,Cn Abanico Km 049,-37.3344,-71.5336
691,Casa Silva-Los Lingues,-34.502222222,-70.894722222
799,Quiripio,-38.639721833,-73.244167
270,Río Mulchen en Mulchen,-37.7167,-72.25
108,Río Blanco antes Junta Río de los Leones,-32.98,-70.2547
311,Río Tolten en Villarica,-39.2667,-72.2333
1352,Viña del Mar Alto,-33.038938,-71.55706
372,Rio Mayer Desembocadura,-48.4833,-72.6
360,Río Ibanez antes Junta Cajon,-46.0861,-72.5819
369,Baker en Colonia,-47.35,-72.85
744,Trehualemu Ex - San Ignacio Sur,-36.920833333,-71.893333333
433,Lago Deseado,-54.3378,-68.8242
804,Estancia Zenia,-53.319496,-69.698147
1115,Las Vizcachas Aguas Andinas,-33.59611,-70.54222
166,Estadio Peumo,-34.39527777777778,-71.16222222222223
1158,Tilama,-32.08163,-71.16277
865,San Clemente,-35.531,-71.574
132,Maipo en El Manzano,-33.5939,-70.3792
611,Colliguay,-33.1686089,-71.1557171
820,Camarones,-19.0,-69.9
1277,Caldera R.B.,-27.07583,-70.83028
168,Glaciar Universidad en Río San Andres,-34.72027777777778,-70.35916666666667
45,Quebrada Barriles,-22.08,-70.1833
107,Blanco en Bt. C. Aconcagua,-32.975,-70.26277777777777
301,Malalcahuello,-38.4703,-71.5753
568,Carelmapu,-41.709733,-73.6722625
187,Laguna de Torca,-34.7675,-72.065
1332,Tiltil,-33.077246944904,-70.925032186509
7,Río Caracarani en Humapalca,-17.8428,-69.6994
498,Paillaco,-40.096388889,-72.926666667
341,Hornopiren,-41.9383,-72.435
50,Quebrada la Cadena,-23.6269,-70.375
1350,Curacaví,-33.376688,-71.17731
1296,Canal Melado en C. Hidroelectrica los Hierros I,-35.86055555555556,-71.0675
294,Curanilahue en Curanilahue,-37.4833,-73.3369
677,Punta Cortes,-34.16975,-70.791277778
109,Río Aconcagua en Río Blanco,-32.9067,-70.3036
907,Faja Maisan,-39.071148,-72.92198
170,Tinguiririca Los Briones,-34.7186,-70.8267
100,Estero Pupio en el Romero,-31.9481,-71.0747
1106,San Sebastián,-38.435064,-72.399024
1149,Laguna Hurtado,-30.50903,-70.44594000000001
870,Miraflores,-35.918056,-71.613306
702,San Pedro-Totihue,-34.341111111,-70.727777778
710,STA. BRISILA,-34.298080556,-71.3238
64,Las Vegas,-26.6781,-69.6656
609,Putaendo,-32.593694444,-70.726111111
915,Copiapó Universidad de Atacama,-27.35888888888889,-70.35333333333332
93,Río Choapa en Salamanca,-31.8117,-70.9303
730,Portezuelo,-36.532037,-72.368268
657,Rinconada-U de Chile,-33.497093,-70.845436
494,Río Bueno,-40.322777778,-72.979444444
1365,Pitrufquén - Colegio Madres Dominicas (estacion DAVIS),-38.985478,-72.6369
470,El Huertón liceo agrícola,dmc,-37.4564
931,Ancud Liceo Agrícola,-41.86611111111111,-73.81638888888888
42,Captacion Sqm Maria Elena,-22.349859216849,-69.5661996665693
831,CE Huasco Vallenar,-28.58113,-70.798289833
130,Valle Olivares,-33.1869,-70.1122
579,Ventisquero - Leyda,-33.68548333,-71.54943056
533,Paihuano,-30.046944444,-70.510833333
54,Toconao Quebrada 4,-23.1531,-67.8983
80,Río Toro antes Junta Río la Laguna,-29.9711,-70.0928
604,Huaquen,-32.34278,-71.40868
901,Vicuña,-30.038333333,-70.696666667
34,Captaciones Codelco en Salado-hojalar,-22.2815459067769,-68.2353060926223
297,Río Leiva en Puente Camino a Contulmo,-37.8131,-73.3922
672,San Pablo - DASA,-33.44222222,-70.74666667
719,Coihueco,-36.557222222,-71.817222222
486,C.M.A. Eduardo Frei Montalva,dmc,-62.1997
183,Palos en Junta con Colorado,-35.2744,-71.0156
1127,La Serena [El Romeral],-29.75406,-71.25744
1125,Ovalle [Talhuén],-30.592029999999998,-71.24797
126,Río Colorado antes Junta Río Olivares,-33.49,-70.1342
195,Laguna Invernada,-35.725,-70.775
823,Lago Chungará,-18.281824,-69.138499833
602,La Canela,-32.364917,-71.153144
241,Constitucion,-35.3242,-72.4089
1131,Cachiyuyo,-29.0572,-70.90517
653,La Platina,-33.56987,-70.627972833
62,Escuela Hogar Victorino Quinteros Soto,-25.4033,-70.4797
634,HUECHÚN EX Lampa,-33.021944444,-71.186388889
603,La Higuera,-32.49269683,-71.15288083
1105,Taplon,-38.83295,-72.506385
1364,San Miguel,-33.506688,-70.650813
82,Río Claro en Rivadavia,-29.9781,-70.5525
192,Río Maule en Desague Laguna Del Maule,-36.0114,-70.5547
1280,Victoria (Reg.),-38.22889,-72.33889
1129,Andacollo [Collowara],-30.24875,-71.06526
117,Las Salinas,-33.0019,-71.5467
252,Río Andalien en Puente Trinitarias,-36.7988453799826,-72.9516848929346
724,Centro Experimental Arroz INIA,-36.409298,-72.006731
1155,El Tapado,-30.1583,-69.90818
169,Claro Valle dos,-34.6867,-70.8739
734,Guilisasti,-37.648333333,-72.216111111
120,Valparaíso,-33.04138888888889,-71.60444444444444
144,Apr Colina las Canteras,-33.28972222222222,-76.69638888888889
656,El Paico,-33.70638889,-71.00805556
786,Pucon,-39.355833333,-71.781388889
743,Yungay,-37.141384833,-72.011761
906,San Rafael,-35.303611111,-71.475833333
911,Cerro Sombrero,dmc,-18.5125
885,Odjfell,-36.144722222,-72.265833333
800,Curacautín-San Luis,-38.401667,-71.9025
829,Punta Lobos,-28.29765,-71.17817
231,Cn Rest S1,-35.7428,-71.4217
633,Hacienda Lampa,-33.284227,-70.848776
454,Talagante,-33.6736,-70.8475
1133,Rivadavia,-29.96173,-70.53908
356,Río Blanco antes Junta Río Aysen,-45.4,-72.6
928,Retiro Copihue,-36.07555555555556,-71.75805555555556
750,Ollague,-21.2167,-68.233055556
5,Colchane,-19.2764,-68.6378
889,Yerbas Buenas,-35.743888889,-71.573055556
143,Quebrada de Macul,-33.5017,-70.5144
936,Río Grande en Cuyano,-30.9242,-70.7731
488,Rucatayo,-40.598896,-72.586541
276,Laguna de la Laja,-37.36666666666667,-71.36666666666666
438,Escuela Mirasol,dmc,-41.479
926,Chillán Quinchamalí,-36.62083333333334,-72.3625
178,Tinguiririca Los Olmos,-34.4922,-71.3731
1335,Punitaqui,-30.77895,-71.27168
332,Estacion Meteorologica Cascada,-41.0781,-72.6328
886,Coronel de Maule,-36.059091833,-72.477688833
308,Río Allipen en los Laureles,-38.9833,-72.2333
33,Capatacion de Aguas Antofagasta en Toconce,-22.2632178816383,-68.172798065897
729,Puraligue,-36.431036,-72.647783
721,Coronel,-37.004823,-73.140405
825,Putre,-18.2,-69.6
668,Calera de Tango,-33.630555556,-70.799166667
511,Monte Patria,-30.682222222,-70.939444444
89,Río Cogoti Entrada Embalse Cogoti,-31.0325,-71.0403
869,Vichuquen,-34.8549722,-72.0260556
158,Canal Sauzal en Puente Termas,-34.2403,-70.5506
123,Glaciar San Franciscoen Aguas Panimavida,-33.8053,-70.07
1157,Puerto Varas ESSAL,-41.32444,-72.98278
83,Elqui en Algarrobal,-29.9953,-70.5867
953,Quintero,dmc,-32.784166666666664
75,El Transito,-28.8731,-70.2822
258,Pangue en Captación,-37.8986,-71.5806
431,Pampa Huanaco,-54.0497,-68.7997
647,Pirque,-33.673888889,-70.586944444
455,Chorombo Hacienda,-33.5258,-71.2283
802,5 de enero,-52.432478,-70.360583
783,Huiscapi,-39.263333,-72.398889
51,Paso Jama,-22.9219,-67.7014
957,Cisnes Puyuhuapi,-44.32333333333334,-72.55527777777777
409,Leñadura Alta,-53.2325,-71.1178
77,Río Huasco en Chepica,-28.6997,-70.55
200,Cn Melado en los Hierros,-35.85,-71.0667
41,Río San Salvador en Nacimiento,-22.447222222222223,-68.96055555555556
1126,La Serena [Cerro Grande],-29.93848,-71.22351
727,Ponotro,-38.27529,-73.498489
451,Santo Domingo,dmc,-33.655
1161,Canal Lauca en Chucuyo Km 0,-18.21638888888889,-75.31777777777778
1290,Río Ñuble en Confluencia,-36.63722222222222,-72.45222222222222
758,Pica,-20.501476,-69.342572
320,Río Leufucade en Purulon,-39.4781,-72.6908
794,El Membrillo,-38.834167,-71.6825
407,Lago Parrillar,-53.4025,-71.2497
312,Pucon,-39.2753,-71.9503
362,Lago General Carrera Fachinal,-46.5425,-72.2267
1265,Azapa,-18.5156,-70.1806
243,Chillan Viejo,-36.6319,-72.1267
236,Q Colorado Ds Lag Temos,-35.6475,-71.2797
1331,Lonquimay,-38.446,-71.252
1281,El Jote,-30.40527,-70.27948
156,Pangal en Pangal,-34.2467,-70.3281
1100,Miraflores,-35.818051,-71.775019
205,Rio Claro en San Carlos,-35.6989,-71.0683
761,Dominguez,-38.918610833,-73.240278
489,El Cardal,-40.386736833,-72.919058
679,Chimbarongo,-34.670833333,-71.031666667
921,Chincolco Liceo agrícola,-32.222500000000004,-70.83166666666666
1110,Arroyo el Gato,-45.162902,-71.943627
275,Cn Alto Polcura,-37.2058,-71.2297
1345,Parque Nacional Conguillío,-38.727589,-71.629769
1262,Río Colpitas en Alcerreca,-17.9919,-69.6256
628,Villa O\Higgins subcomisaría,-48.47138889,-72.56027778
934,Copiapó en La Puerta,-27.8044,-70.1269
222,Longaví Quiriquina,-36.2303,-71.4569
443,Toconao,-23.1861,-68.0056
819,Cuya,-19.161922,-70.180968
892,Río Hurtado en San Agustin,-30.4622,-70.5361
268,Río Duqueco en Cerrillos,-37.5422,-72.3119
247,Río Itata en Balsa Nueva Aldea,-36.65,-72.45
944,Río Cautin en Almagro,-38.78,-72.9469
142,Terraza Oficinas Centrales DGA,-33.4486,-70.6444
172,Canal Teno en Km. 13.465,-34.8142,-71.0997
1261,Chucuyo Reten,-18.2164,-69.2956
490,MAFIL,-39.631388889,-72.948333333
374,Candelario Mancilla,-48.8775,-72.7394
739,Human,-37.433556,-72.243975
839,Freirina,-28.5066389,-71.10372222
104,Río Juncal en Juncal,-32.8625,-70.1675
244,Río Chillan en Esperanza N 2,-36.8,-71.6608
186,Lontue,-35.0422,-71.2906
421,Río Side en Cerro Sombrero,-52.7681,-69.2772
202,Embalse Melado,-35.76138888888889,-71.09194444444444
703,Codegua,-34.110277778,-70.653611111
700,Lolol,-34.713611111,-71.629722222
39,Captacion de Sqm Pedro de Valdivia,-22.4476413195773,-69.4442522264188
876,Maule,-35.576666667,-71.678888889
803,Isla Riesco / Río Verde,-53.030495,-71.933637
1338,Nancagua,-34.658317,-71.268916
406,Río San Juan en Desembocadura,-53.65,-70.9667
162,Claro Hac. Las Nieves,-34.4922,-70.7028
13,San José Ausipar,-18.5844,-69.8114
762,Traiguén,-38.357222222,-72.5475
269,Estero Paillihue en Ex Longitudinal Sur,-37.4728,-72.3244
1287,Quellón Ad.,-43.13417,-73.63194
619,Quillota,-32.892388889,-71.206722222
874,Villa Alegre,-35.696111111,-71.682222222
314,Río Voipir en Puente Voipir,-39.34,-72.2238888888889
593,Petorca,-32.396666667,-71.029444444
330,Negro en Chahuilco,-40.7136,-73.2278
30,Linzor,-22.2297,-68.0228
129,Glaciar Olivares Gamma,-33.152499999999996,-70.15083333333334
695,Ventisquero-Peralillo,-34.394444444,-71.445555556
480,Teniente Gallardo,dmc,-51.6672
193,Los Condores,-36.0106,-70.5589
74,Ne-7 Río Blanco Ante Junta Río Chollay,-29.133333333333333,-70.13611111111112
583,Ventisquero-Tapihue,-33.300555556,-71.283333333
760,Marimenuco,-38.731667,-71.140833
154,Cortaderal Cachapoal,-34.3669,-70.3258
675,Placilla Chacarilla,-34.641583,-71.135667
1347,Laguna Verde,-33.11,-71.68
57,Baquedano,-23.3336,-69.8397
66,Río Pulido en Vertedero,-28.0858,-69.9408
1276,Mejillones,-23.10917,-70.44056
1153,La Laguna [Elqui],-30.20311,-70.03721999999999
137,Río San Francisco antes Junta Estero Yerba Loca,-33.3086,-70.3572
1152,Hualtatas,-31.707320000000003,-70.525
676,Palmilla,-34.546666667,-71.395
1142,Quebrada Seca,-30.496129999999997,-71.49051
564,Purranque ,-40.879444444,-73.0525
458,San José  Guayacán,-33.6153,-70.3506
153,Laguna el Yeso,-34.4078,-70.21
873,J. Bouchon,-35.569166667,-71.995277778
437,Puerto Toro,-55.0822,-67.0758
958,Pampa Guanaco,dmc,-54.05083333333333
348,Río Palena Bajo Junta Rosselot,-43.8189,-72.3833
748,Punta Parra,-36.672393833,-72.964684
567,Tara,-42.703730833,-73.788516833
827,Visviri tenencia,-17.595,-69.4775
391,Lago el Toro en Estancia Paine,-51.166666666666664,-72.95
891,Sagrada Familia,-34.996944444,-71.374166667
286,Cn Mirrihue,-37.3256,-71.6489
563,Río Negro,-40.764722222,-73.151944444
1111,La Florida,dmc,-29.9175
875,Torres,-35.567222222,-72.29
1323,Miraflores Alto,-33.026599,-71.507067
694,Hacienda Araucano-Lolol,-34.727222222,-71.588888889
809,Puro Chile - Lluta medio,-18.452168,-70.067102
1285,Viu Manent – Peralillo,-34.495833333,-71.491666666
595,Paihuén,-32.37927783,-70.841622
866,Las Lomillas - San Clemente,-35.5416389,-71.3182219
60,Universidad de Antofagasta,-23.7017,-70.4208
345,ancud doh,-41.8792,-73.7964
726,San Ignacio,-36.843611111,-72.124722222
767,El Quincho,-38.913175,-72.183514
32,El Tatio,-22.3711,-68.0133
1266,Iquique,-20.2153,-70.1361
350,Río Cisnes antes Junta Río Moro,-44.6592,-71.8083
815,Lluta Alto,-18.393556,-69.963339
935,Río Copiapo en Ciudad de Copiapo,-27.365555555555556,-70.34083333333332
527,Salamanca,-31.787388889,-70.959611111
893,Río Hurtado en Angostura de Pangue,-30.4386,-71.0022
883,Santa Sofia,-35.977643,-72.359864
390,Cerro Castillo,-51.26,-72.3272
97,Río Illapel en Huintil,-31.5608,-70.9644
942,Río Renegado en Invernada,-36.8606,-71.6253
670,Morandé,-33.581388889,-70.716666667
637,San Antonio de Naltahua,-33.725439,-71.042558
808,Punta Arenas Rural,-53.068313,-70.873761
562,Los Canelos,-41.481326,-73.474378
881,Colbún,-35.662222222,-71.453611111
1103,Pailahueque,-38.145552,-72.6596649
1112,Pudahuel Santiago,-33.39194,-70.79639
459,El Paico,-33.7064,-71.0081
112,Aconcagua San Felipe,-32.7572,-70.7367
594,Cabildo,-32.362194444,-70.819722222
954,El Milagro,dmc,-33.754444444444445
852,Rauco,-34.925,-71.283055556
234,Talca,-35.419444444444444,-71.66055555555556
779,Collipulli,-38.001111111,-72.245555556
1325,Lampa,-33.305,-70.741
384,Lago Nordenskjoltd,-51.03805555555555,-72.93694444444445
160,Estero de la Cadena antes Junta Río Cachapoal,-34.1842,-70.8436
211,Maule Longitudinal,-35.5575,-71.7067
150,Río Maipo en Cabimbao,-33.7219,-71.555
856,Via Wines,-35.0904667,-71.177367
1272,Nirivilo,-35.5389,-72.0914
175,Asentamiento la Puerta,-34.60944444444445,-71.38083333333333
640,Ventisquero,-34.0225,-71.344166667
826,Visviri,-17.594605,-69.477417
478,Teniente Vidal,dmc,-45.5939
732,Quillón,-36.745,-72.504722222
539,El Trapiche,-29.3718611,-71.11608333
600,Llayllay,-32.903333333,-70.950555556
1135,Hurtado [Lavaderos],-30.3093,-70.62565
1109,Quilquico,-42.491512,-73.708817
575,Huacamapu,-40.659175,-73.491723
613,Casa Marín,-33.524444444,-71.545555556
251,Estero Nonguen Frente U. Del Bio Bio,-36.8203,-73.0164
25,Captacion de Codelco en Colana,-21.9437708382539,-68.1725181243581
282,Río Polcura  A. Desc. Central el Toro,-37.3333,-71.5336
756,San Pedro de Atacama,-22.9322,-68.213458
177,El Huape en Cunaco,-34.6581,-71.3019
510,Monte Patria El Palqui,-30.774543833,-70.926831
645,Santa Rita,-33.718611111,-70.669166667
555,El Tapado,-30.1567,-69.91421
315,Río Tolten en Coipue,-39.1,-72.3833
629,Tamelaike,-45.759113833,-72.061842833
159,Rancagua Endesa,-34.1908,-70.7508
857,Tutuquen,-34.961611,-71.315861
608,Curimón,-32.799972,-70.700306
778,Perales,-38.663889,-72.808889
872,San Javier,-35.629722222,-71.603888889
711,Rapel ,-34.216666667,-71.3
622,Cochrane,-47.241733,-72.582203
851,San Pedro-Molina,-35.103055556,-71.338333333
680,Puente Negro,-34.386351,-71.98571
685,Anakena,-34.304722222,-70.771666667
929,Panguipulli,-39.63444444444444,-72.34388888888888
179,Embalse Rapel  LLallauquen,-34.22888888888889,-71.45222222222222
291,Est. Hualqui Desembocadura,-36.9825,-72.9414
392,Torres Del Paine,-51.1842,-72.9669
1300,Peldehue Ad.,-33.11389,-70.68583
607,San Felipe,-32.755333,-70.706917
1136,Las Cardas,-30.25145,-71.2569
1337,Estación Biológica Senda Darwin,redmeteo,-41.8824927
573,Frutillar,-41.028888889,-73.044166667
658,Alhué,-34.065,-71.253888889
821,Codpa,-18.833055556,-69.744444444
544,Las Cañas 2,-31.7358,-71.21935
515,Recoleta,-30.490916667,-71.165777778
215,Cn San Clemente,-35.5822,-71.5306
1260,Paso Agua Negra,-30.1907,-69.82553
620,Errazuriz,-32.898611111,-71.351666667
439,Visviri Tenencia,-17.595,-69.4769
394,Río Grey antes Junta Serrano,-51.1833,-73.0167
526,Los Vilos - Quebrachar,-31.8603889,-71.4395833
1346,Punta Arenas,-53.136312,-70.92181
266,Embalse Central Angostura,-37.7131,-71.8172
1348,Los Andes,-32.846,-70.59
678,Conosur,-34.715555556,-71.038611111
167,Termas del Flaco,-34.891666666666666,-70.32972222222222
916,Freirina Nicolasa,-28.516944444444444,-71.01
586,La Petorca,-32.274509,-70.965538
383,Lago Paine,-50.8378,-72.8319
1122,Punta Colorada,-29.35411,-71.03286
572,Octay,-40.957155833,-72.885495
435,Robalo Alto,-54.9769,-67.6744
948,Quellon,-43.1086,-73.6119
1357,Concón,-32.921228,-71.513496
280,Volcan Chillan,-36.89361111111111,-71.41194444444444
434,Río Robalo en Puerto Williams,-54.9469,-67.6392
90,El Soldado,-32.0067,-70.3214
529,Combarbalá,-31.188333333,-70.998888889
19,Ollague,-21.2233,-68.2494
474,Pichoy,dmc,-39.6506
1304,Lago Villarrica en Sector la Poza,-39.276666666666664,-71.97694444444444
1143,UCN Guayacan,-29.96663,-71.35284
1145,Salamanca [Chillepín],-31.88563,-70.71395
284,Cn Zañartu dp. B Laja,-37.3036,-71.6378
335,Lago Chapo,-41.4297,-72.5764
363,Rio Baker Desague Lago Bertrand,-47.0667,-72.8
115,Aconcagua Romeral,-32.8403,-71.0256
113,Pozo Martinez,-32.776944444444446,-70.71472222222222
184,Potrero Grande,-35.1833,-71.0978
1284,Villarrica,-39.19,-72.11222
747,San Nicolás,-36.517777778,-72.094444444
740,Las Viñas ,-37.501388889,-72.300555556
238,Claro Rauquen,-35.4525,-71.7333
664,San Pedro,-33.891388889,-71.394166667
217,Perquilauquen San Manuel,-36.3758,-71.6233
309,Río Trancura en Curarrehue,-39.36,-71.5808
110,Canal Colorado en Bocatoma,-32.8347,-70.3533
625,Chile Chico,-46.543241833,-71.699297833
9,Río Lluta en Panamericana,-18.4,-70.3
904,Puchuncavi,-32.754967,-71.343432
228,Canal Maitenes en Bocatoma,-36.0733,-71.6972
1108,Pid-Pid,-42.411747,-73.783913
813,Chaca,-18.81,-70.156
849,Aresti,-35.151388889,-71.298055556
667,San Pedro-El Tránsito,-33.771111111,-70.685555556
1137,Pisco Elqui,-30.12903,-70.49471
927,Chillán Mayulermo,-36.82805555555556,-71.86694444444444
945,Lago Villarrica,-39.27444444444444,-71.97083333333333
626,La Junta,-43.916933,-72.387343
558,Colegual,-41.221842833,-73.259855833
261,Puente Nitrao,-37.69638888888888,-71.28999999999999
1359,Quintero,-32.785553,-71.534603
118,Rodelillo,-33.0503,-71.5833
659,El Asiento,-34.029282,-70.995098
346,Castro 2,-42.4794,-73.7742
199,Maule b Bt. Maule C. Pehuenche,-35.7728,-71.0019
96,Río Illapel en las Burras,-31.5069,-70.8125
925,Aguas Andínas,dmc,-33.544999999999995
191,Laguna del Maule,-36.025,-70.55
426,Río Caleta en Tierra Del Fuego,-53.8586,-69.9989
114,Putaendo Rdo. Los Patos,-32.5017,-70.5811
396,Glaciar Tindall,-51.1158,-73.2825
94,Río Chalinga en la Palmilla,-31.6958,-70.7158
70,Copiapo,-27.3772,-70.3308
1349,Quilpué Centro,-33.04811,-71.42641
1139,Rapel,-30.7228,-70.77249
1343,Entre Lagos,-40.683688,-72.59968
337,Río Chico Ante Río Chamiza,-41.4392,-72.8183
956,Maquehue-UFRO,-38.83777777777778,-72.69444444444444
745,Navidad,-36.907300833,-71.935601
1342,Cordillera de Piuchén,redmeteo,-42.270312
207,Cn Maule Norte en Aforador,-35.7039,-71.1161
773,San Rafael,-38.070667,-72.724176
212,Cn Maule S en Aforador,-35.6389,-71.3839
774,Carillanca,-38.693055833,-72.417221833
683,La Estrella Sur Ex Pumanque,-34.213333333,-71.716111111
232,Loncomilla Brisas,-35.6169,-71.7678
701,Luis Felipe Edwards,-34.693055556,-71.156944444
17,Q. Camiña 3 Km. A. Arriba de Tarcavire,-19.1181,-69.2447
257,Embalse Ralco,-38.0583,-71.4344
654,El Monte,-33.691944444,-71.100833333
801,Puerto Natales,-51.698366833,-72.483081833
76,Río Carmen en el Corral,-29.1094,-70.4139
630,Vista Hermosa,-45.936818,-71.835341833
698,Chépica,-34.738611111,-71.258055556
818,Caleta Vitor,-18.781479,-70.283902
697,El Arenal,-34.35575,-70.991278
585,Las Salinas,-32.43623,-71.353172
850,Tres Esquinas,-35.144722222,-71.216111111
446,El Tololo,-30.1683,-70.8036
955,Pichilemu aeródromo,-34.39416666666666,-72.01861111111111
220,Quella,-36.0572,-72.0892
185,Curico,-34.9811,-71.2361
403,Río Perez en Desembocadura,-52.5492,-71.9747
85,Vega Negra,-30.9033,-70.5158
22,Captacion de Aguas Antofagasta en Quinchamale,-21.9229317009875,-68.5986520022656
1366,Mar Brava,redmeteo,-41.887755
463,Rancagua,dmc,-34.1758
430,Río Grande en Tierra Del Fuego,-53.8928,-68.8844
387,Las Chinas en Cerro Guido,-51.0508,-72.5169
479,Villa O\Higgins subcomisaría,-48.4714,-72.5603
272,Los Angeles,-37.5022,-72.4083
300,Cholchol en Cholchol,-38.6081,-72.8478
784,Vida Nueva,-39.1963889,-72.2613611
848,Lontue,-35.049722222,-71.248055556
368,Río Colonia en Nacimiento,-47.3392,-73.1147
73,Ne-5 Río Estrecho en Nacimiento,-29.298055555555557,-70.04944444444445
616,Catemu,-32.757777778,-70.942777778
444,Taltal,-25.4111,-70.4842
442,Universidad Católica del Norte,dmc,-23.6789
99,Río Choapa Aguas Arriba Estero la Canela,-31.5836,-71.4606
230,Ancoa El Morro,-35.9086,-71.2981
415,Bitsch Alto,-53.0919,-71.0025
682,Graneros Norte,-34.061944444,-70.705
939,Mapocho Los Almendros,-33.3703,-70.4508
10,Central Chapiquiña,-18.3722,-69.5481
1355,Viña del Mar,redmeteo,-32.994635
1160,Canal Lauca Sector las Rejas Km 26,-18.331666666666667,-75.44722222222222
84,Grande en Las Ramadas,-31.0117,-70.5811
343,Chaitén Meteorológica,-42.919999999999995,-72.71027777777778
29,Salado S. Ayquina,-22.2894,-68.3447
149,Estero Puangue en Ruta 78,-33.6614,-71.3372
709,Lapostolle-Apalta,-34.593611111,-71.302222222
395,Lago Grey,-51.1114,-73.13
188,Río Mataquito en Licanten,-34.9844,-72.01
148,Industria Bata,-33.67805555555555,-71.18361111111112
1117,Rucamanque-UFRO,-38.66083,-72.61
254,Bío Bío Llanquén,-38.2008,-71.2989
292,BioBio Desembocadura,-36.8386,-73.0619
597,SAN ESTEBAN,-32.750444444,-70.557583333
764,Galvarino ,-38.359166667,-72.709722222
605,La Patagua,-32.523449,-71.177979
1301,Chiapa,-19.537222222222223,-69.205
344,Rio Futaleufu en La Frontera,-43.1742,-71.7544
828,Alto del Carmen,-28.768166667,-70.449222222
279,Polcura 4 Junta,-37.1072,-71.2422
393,Río Rincon,-51.3139,-72.8292
1307,Río Lebu en las Corrientes,-37.60166666666667,-73.48777777777778
405,San Gregorio,-52.5664,-70.0706
666,Santa Carolina,-33.599722222,-70.649722222
781,Pocoyan ,-38.9925,-73.098888889
716,Los Maquis,-34.499722222,-70.839722222
1360,Placilla de Peñuelas,-33.124,-71.569
500,Lago Verde,-40.165081,-72.633842833
1295,Melinka Ad.,-43.89667,-73.74028
400,Lago Anibal Pinto,-52.0911,-72.4361
882,El Aromo,-35.535555556,-71.598333333
618,Rinconada,-32.837055556,-70.692527778
56,Sierra Gorda,-22.8892,-69.3219
278,Alto Mallines,-37.15888888888889,-71.2425
327,Río Rahue en Desague Lago Rupanco,-40.7889,-72.6889
920,Llay Llay,dmc,-32.88138888888889
1278,Colina (Reg.),-33.16222,-70.64389
878,Lomas,-35.8354491,-72.587489
38,Captacion de Aguas Antofagasta en Puente Negro,-22.4473737936649,-68.902280852727
1268,Liceo Samuel Román Rojas (Combarbalá),-31.18805,-70.99972
806,Tierra del Fuego,-52.804319889,-69.273691
366,Baker en Angostura Chacabuco,-47.1414,-72.7258
271,Río Biobio en Coihue,-37.5503,-72.5903
152,Leñas Cachapoal,-34.3628,-70.3056
206,Maule en Armerillo,-35.7061,-71.1139
741,Los Angeles,-37.447222222,-72.517222222
888,Sauzal,-35.714879,-72.111307833
35,Captacion de Codelco en Linzor,-22.2318279052731,-68.029177835531
638,Til til,-33.121333333,-70.834777778
414,Magdalena Giglio 2,-53.1397,-71.0561
636,Isla de Maipo,-33.763888889,-70.886666667
290,Río Laja Ag.arr. Del Salto,-37.2119,-72.3242
662,Peldehue,-33.1471111,-70.6602222
288,Cn Laja-Diguillín,-37.3006,-71.9642
1351,Santo Tomas,-30.68677,-71.27687
1362,Temuco sector Estadio G. Becker,-38.74588,-72.626911
1101,Concha y Toro - Pencahue,-35.44522,-71.83436
1147,Mincha Sur,-31.59425,-71.42159000000001
441,El Loa,dmc,-22.4989
1288,Quebrada Caya,-20.753333333333334,-68.93416666666667
134,Pozo Asentamiento Aguila Sur,-33.907777777777774,-70.73611111111111
98,Río Illapel en el Peral,-31.6647,-71.2547
464,Quimávida,-34.2133,-70.9983
413,Canal de Trasvase Estero Llau-Llau,-53.125,-70.9358
785,La Paz,-39.428135,-72.718521
310,Río Turbio en Puente Turbio,-39.29972222222222,-71.89527777777778
65,Caldera,-27.0692,-70.8156
1120,Pan de Azúcar,-30.07465,-71.23895
103,Alicahue Collihuay,-32.33,-70.7381
1128,Vicuña,-30.038320000000002,-70.69655
650,San Diego,-33.703027778,-71.371861111
2,Chungara Ajata,-18.2353,-69.1833
933,Magallanes Villa Tehuelche,-52.428888888888885,-71.41611111111112
890,YERBAS BUENAS 2,-35.690472222,-71.553944444
844,Linares 2,-35.932194,-71.566833
61,Quebrada Jardines Del Sur,-23.7017,-70.4208
481,Instituto de la Patagonia (Jorge Schytte),-53.13,-70.8875
639,San José Guayacán,-33.61527778,-70.35055556
855,Campanacura,-35.9738889,-72.0276389
791,Freire,-38.971388889,-72.784166667
157,Cachapoal Pte Termas C,-34.25,-70.5667
854,Monte Flor-Tucapel,-36.2448,-71.93429
1123,Illapel,-31.64814,-71.19695
424,Onaisin en Maria Cristina,-53.3056,-69.2675
725,Ñiquén,-36.293611111,-71.893611111
422,Bahia San Felipe,-52.8697,-69.9319
587,Palquico,-32.25702783,-71.14163883
1333,Sotaquimet,-30.63089,-71.12373
805,Kampenaike,-52.6,-70.9
871,Santa Amada,-35.761,-71.48
87,Río Grande en Puntilla San Juan,-30.7047,-70.9244
644,Pérez Cruz,-33.843055556,-70.619722222
410,Las Minas,-53.1381,-70.9875
1302,Chuzmiza,-19.685555555555556,-69.18472222222222
1286,Viu Manent – Santa Cruz,-34.646111111,-71.313611111
1354,Calama,-22.4324375,-68.9185012
896,Toconao,-23.1905,-68.007169
95,Río Choapa en Puente Negro,-31.6881,-71.2658
242,Ñuble en San Fabian,-36.5856,-71.5256
355,Simpson Bajo Junta Coyhaique,-45.5517,-72.0681
1130,Punta de Choros,-29.24724,-71.46797
577,Garcés Silva,-33.681388889,-71.495833333
1361,Trapén,redmeteo,-41.511119
1291,Mirador Marchant,dmc,-45.52528
373,Lago O,-48.5169,-72.5953
102,Río Sobrante en Piñadero,-32.2253,-70.7119
477,Puerto Aysén Ad.,-45.3961,-72.6639
492,Estación Experimental Austral,-39.787428,-73.234546
240,Maule en Forel,-35.4069,-72.2083
612,Los Libertadores,-32.84555556,-70.11916667
693,La Rosa – Oeste,-34.325,-71.239444444
655,Melipilla,-33.65,-71.1
338,Llanada Grande,-41.4242,-71.9386
789,Los Arrayanes,-39.165408,-73.132936
417,Penitente Alto,-52.2092,-71.6806
771,Sta. Adela,-38.756110833,-72.891389
599,Panquehue,-32.756638889,-70.808833333
631,Curacaví,-33.438611111,-71.025555556
1134,Pichasca,-30.41323,-70.90276999999999
353,Coyhaique,-45.5739,-72.0286
428,San Sebastian,-53.3217,-68.6614
43,Captacion de Sqm Coya Sur,-22.3970839723903,-69.529805030125
684,La Estrella Norte,-34.213333333,-71.716111111
495,La Union,-40.316666667,-73.024166667
623,El Claro,-45.9812,-72.092267
462,General Freire,dmc,-34.9664
699,Hidango,-34.1,-71.8
713,Coltauco,-34.237777778,-71.005
416,Río Rubens en Ruta N 9,-52.03,-71.9414
861,Morza,-34.851666667,-71.020277778
78,Santa Juana,-28.6672,-70.6625
1326,Dalcahue,-42.379,-73.647
759,Lonquimay,-38.455,-71.36194444
766,Gorbea,-39.103055556,-72.615277778
1329,Paine,-33.789576,-70.634902
738,Pinto,-36.713333333,-71.875555556
299,Río Lumaco en Lumaco,-38.15,-72.9
952,Liceo Jean Buchanan,-34.3972892,-71.1646719
476,Juan Kalt Bode (Fundación Adolfo Matthei),-40.5867,-73.1044
23,Río Siloli antes B.t. Fcab,-22.0103,-68.0269
1107,Isla Chelin,-42.589153,-73.532906
319,Llancahue,-39.8561,-73.1786
449,Rodelillo,dmc,-33.0367
536,Cerro Grande,-29.93849,-71.22358
1270,Cerro Sombrero,dmc,-52.77639
259,Bío Bío ante Junta Pangue,-37.8997,-71.6239
1340,La Greda,-30.72186,-70.87337
468,General Bernardo O'Higgins,dmc,-36.5872
1269,Vivero Conaf,dmc,-31.6325
590,El Sobrante,-32.228794,-70.799309
837,Bodega,-27.343611111,-70.372777778
487,Santa Carla,-39.679571,-72.611389
1104,Radal,-38.98547,-72.381617
324,Río Nilahue en Mayay,-40.2667,-72.2333
304,Pueblo Nuevo,-38.7128,-72.5558
769,San Enrique,-39.261711,-71.868097
542,Illapel,-31.731055556,-71.205555556
124,Laguna Negra,-33.66583333333333,-70.10777777777777
581,Casablanca,-33.320833333,-71.437222222
696,QUINTA TILCOCO,-34.362,-70.935277778
105,Portillo,-32.84444444444445,-70.11083333333333
686,Requinoa,-34.321667,-70.833694
334,Puerto Montt,-41.46,-72.9378
617,Santa María,-32.749166667,-70.660277778
903,La Cruz,-32.8,-71.2
4,Río Guallatire en Guallatire,-18.4931,-69.1494
580,Luis Felipe Edwards-Leyda,-33.669,-71.536
125,Río Maipo en San Alfonso,-33.7347,-70.3008
614,Hijuelas,-32.847944444,-71.067083333
565,La Pampa,-40.860638833,-73.156917
592,San Lorenzo,-32.43941683,-71.00296083
296,Cañete,-37.7983,-73.3914
1334,Agua Amarilla,-30.84369,-70.68702
1341,DADA DE BAJA: Pitrufquén - Colegio Madres Dominicas,-38.985478,-72.6369
1119,Guandacol,-30.54363,-70.3329
1124,Combarbalá [C.del Sur],-31.20022,-71.00015
255,Puente la Junta,-38.0661,-71.3497
111,Aconcagua Chacabuquito,-32.8503,-70.5094
141,Cerro Calán,-33.395,-70.5367
44,Tocopilla,-22.0797,-70.1897
582,Emiliana,-33.361388889,-71.309166667
606,Valle Hermoso,-32.4265,-71.22765
423,Porvenir,-53.2908,-70.37
687,Siegel,34.525449,-70.887584
867,Casas Patronales,-35.491666667,-71.445555556
1141,Gabriela Mistral,-29.97852,-71.08039000000001
946,Monte Tronador en Casa Pangue,-41.0675,-71.86749999999999
1336,Loncotoro,redmeteo,-41.299062
380,Fiordo Amalia,-50.961111111111116,-73.76777777777778
909,Putre,-18.2,-69.5625
897,La Cachina,-25.433987,-70.453243
59,Quebrada el Toro,-23.6681,-70.3961
116,Pozo Rabuco,-32.86083333333333,-71.11583333333333
239,Pencahue,-35.3725,-71.8325
214,Cn Rest S3,-35.6169,-71.5392
797,Las Palmas,-38.227778,-72.273333
868,Rarin,-34.765667,-71.956667
331,Adolfo Matthei,-40.5883,-73.1069
358,Glaciar San Rafael,-46.6433,-73.8575
516,San Julián,-30.655277778,-71.318888889
181,Pichilemu,-34.3844,-72.0044
824,Belén,-18.468208,-69.523279
176,Estero Chimbarongo Bajo Embalse Convento Viejo,-34.7647,-71.1372
860,San Jorge Los Niches,-35.0918,-71.120579
18,Quebrada Tar. Sibaya,-19.7831,-69.1433
547,Tongoy,-30.278,-71.56317
798,Tranapuente,-38.690832833,-73.353333
755,Camar,-23.407102,-67.963735
376,Pascua ante Jta. Quetru,-48.1592,-73.0889
704,Codegua Norte Ex Rancagua,-34.108888889,-70.639583333
570,Quilacahuin,-40.3,-73.3
566,Butalcura,-42.261761833,-73.650812
822,Socoroma,-18.263888833,-69.607675
689,SAN FERNANDO,-34.577833333,-70.975527778
233,Talca U.c.,-35.4358,-71.6197
908,Bajada Ibañez,-46.180619,-72.043261
1353,Los Molles,-32.213849,-71.511683
811,Cerro Blanco,-18.575,-70.07
930,San Juan de la Costa,dmc,-40.586666666666666
1322,Cañal Bajo,dmc,-40.61444
339,Puelo,-41.6511,-72.3117
328,Río Rahue antes Junta Río Negro,-40.63,-73.1783
121,Río Maipo en Queltehues,-3.5916666666666663,-7.025555555555555
949,Río Hollemberg en Desembocadura,-51.9056,-72.4236
119,Cerro Colorado Armada de Chile,-33.0819,-71.6169
289,Río Laja en Tucapel 2,-37.2792,-71.9847
648,TALAGANTE,-33.67325,-70.921138889
235,Cn Maule N b Pte. Centinela,-35.6358,-71.2694
615,Calle Larga,-32.870555556,-70.646111111
714,Marchigue,-34.405555556,-71.607222222
55,Toconao Pueblo,-23.1819,-68.0039
635,De Martino,-33.581944444,-70.880555556
483,Fuentes Martínez,dmc,-53.1875
274,Angol,-37.7794,-72.6372
715,Montes,-34.340555556,-71.652222222
776,Manzanares,-37.7725,-72.546111
293,Concepcion Dga.,-36.8333,-73.1
1275,Casa del Canto,-31.417340000000003,-70.589
807,Cerro Castillo,-51.176975,-72.435811
201,Melado en Zona Presa,-35.7544,-71.0864
796,San Fabián,-38.446389,-72.849444
448,Jardín Botánico (ex Parque Fauna),dmc,-33.0492
79,Vallenar DGA,-28.5861,-70.7397
932,Nueva Chaitén,-42.785,-72.83472222222221
221,Parral,-36.1878,-71.8283
499,Paillaco Norte,-40.045833333,-72.901388889
63,Quebrada Taltal,-25.4033,-70.4797
53,Toconao Quebrada 1,-23.214444444444442,-67.81027777777777
491,Las Lomas,-39.700929,-73.014793
834,Tranque Lautaro,-27.975583333,-70.0
174,Convento Viejo,-34.7694,-71.1331
81,Río Turbio en Varillar,-29.9458,-70.5328
1358,Colina,-33.226795,-70.671829
712,Nancagua 2,-34.660833333,-71.283611111
265,Río Biobio en Puente Piulo,-37.7092,-71.8236
163,Laguna los Cristales,-34.5606,-70.5097
723,Chiguayante,-36.91349,-73.035458
922,Zapallar Catapilco,-32.561388888888885,-71.29777777777778
226,Canal Primera Abajo,-36.05722222222222,-71.70305555555557
302,Cautín en Rariruca,-38.4303,-72.0106
27,Río San Pedro en Parshall 2,-21.949325332067,-68.5164275951382
627,Aysén,-45.431944444,-72.714444444
190,Gualleco,-35.2439,-71.98
471,Maquehue,dmc,-38.77
237,Q Colorado b S. Maitenes,-35.6142,-71.3186
389,Lago Sarmiento,-51.0108,-72.7106
204,Armerillo,-35.7011,-71.0772
524,Tilama,-32.08,-71.16
1344,Pedro Aguirre Cerda,-33.493938,-70.66456
467,Panguilemo,-35.3778,-71.6011
1271,Las Melosas Ruta de Nieve Fpp,-33.86388888888889,-70.2725
147,Río Mapocho en el Trebal,-33.544999999999995,-70.81722222222221
917,Vicuña,dmc,-30.033611111111114
412,Cerro Mirador,-53.1842,-71.0833
669,LO HERRERA,-33.662888889,-70.765916667
1148,Tascadero,-31.26295,-70.53999
552,Paso Aguas Negras,-30.19137,-69.82546
584,Nogales,-32.736388889,-71.199166667
48,Quebrada Bonilla,-23.5828,-70.3742
378,Glaciar Tempano,-48.83555555555556,-74.18305555555555
281,Cn Des C El Toro,-37.3656,-71.4786
690,El Carmen,-34.608055556,-70.975
295,Estero Plegarias antes de Jta Río Curanilahue,-37.4878,-73.3442
663,San Pedro de Melipilla,-33.897935,-71.452881
469,Termas de Chillán,-36.9036,-71.41
863,Teno,-34.878888889,-71.165277778
37,Calama,-22.4494,-68.9044
92,Cuncumén Junta Choapa,-31.8167,-70.6
58,Antofagasta,-23.5975,-70.3867
72,Río Conay en las Lozas,-28.9486,-70.1033
482,Punta Arenas Unidad Aeropolicial,-53.1528,-70.9264
473,La Araucanía Ad.,-38.9342,-72.6533
1328,Chiguayante ELIMINADO  DELA RED,-36.922,-73.035
746,Nueva Aldea,-36.648899833,-72.51349
31,Salado Embalse,-22.2856,-68.2028
450,Quinta Normal,dmc,-33.445
576,Desagüe Rupanco,-40.752634,-72.663894
816,Azapa1,-18.509638889,-70.248055554
649,Mallarauco,-33.586666667,-70.996111111
317,Toltén T Schmidt,-39.0144,-73.0828
452,Juan Fernández,dmc,-33.6367
1283,San Felipe Escuela Agrícola,-32.75528,-70.70694
182,Teno después de Junta,-34.9961,-70.8206
138,Estero Yerba Loca en Piedra Carvajal,-33.2214,-70.2736
325,Río Llollelhue en la Union,-40.2667,-73.0833
1121,Pichidangui,-32.13106,-71.53137
681,Mostazal,-34.001666667,-70.701666667
16,Río Camarones en Chilpe,-18.9431,-69.6197
365,Cochrane en Cochrane,-47.2517,-72.5644
352,Río Magniguales antes Junta Río Simpson,-45.3833,-72.4667
497,Palermo,-40.3,-73.1
146,Mision Corazon de Maria,-33.66833333333333,-70.92222222222223
706,El Tambo,-34.470992,-70.986951
895,Embalse Cogoti,-31.004722222222224,-71.08916666666666
69,Lautaro Embalse,-27.9783,-70.0033
810,Azapa2,-18.520444444,-70.232666667
340,Puelo en Carrera Basilio,-41.6044,-72.2064
359,Glaciar San Rafael en Campo de Hielo Norte,-46.70527777777778,-73.5936111111111
399,Puerto Natales,-51.7336,-72.4781
135,Río Molina antes Junta San Francisco,-33.3733,-70.3961
943,Estero Quilque en los Angeles,-37.4561,-72.3272
21,Captacion de Aguas Antofagasta en Lequena,-21.5546001542262,-68.653370487878
472,Lonquimay,-38.455,-71.3619
1292,Llano de Chajnantor,dmc,-23.00583
1132,Huintil,-31.57331,-70.99815
705,San Vicente TT,-34.457777778,-71.050555556
351,Islas Huichas,-45.1553,-73.5164
652,Chocalán ,-33.760555556,-71.225555556
277,Cn Des C Antuco,-37.3167,-71.6667
770,Loncoche,-39.393333333,-72.636666667
411,Punta Arenas,-53.1233,-70.8772
122,Río Volcan en Queltehues,-33.8056,-70.2089
336,Río Chamiza Ante Junta Río Chico,-41.4417,-72.8089
267,Río Biobio en Longitudinal,-37.6019,-72.2783
307,Río Truful en Camino Internacional,-38.8444,-71.6536
792,Los Quilantos,-38.9083333,-72.7982222
20,Loa ant. R. Lequena,-21.6558,-68.6622
194,Río Maule en los Baños,-35.8197,-70.7606
145,Mapocho Rinconada  de Maipu,-33.4961,-70.8167
722,Los Coligues Ex - Chillan Viejo,-36.629166667,-72.233333333
14,Río Codpa en Cala-cala,-18.8269,-69.6669
420,Monte Aymond,-52.1644,-69.6078
1114,Arrayán Aguas Andinas,-33.33611,-70.4575
375,Glaciar O,-48.93055555555555,-73.13555555555556
780,Surco y semilla,-38.0325,-72.285278
641,Los Tilos,-33.7,-70.7
173,Estero Chimbarongo en Ruta 5,-34.7889,-71.0458
632,Casa Rivas (N.C.),-33.506388889,-71.060833333
947,Quemchi,-42.1408,-73.4731
224,Embalse Bullileo,-36.2972,-71.4083
1297,Futaleufú Ad.,-43.18889,-71.85222
578,Cuncumén,-33.736215,-71.421579
1113,NOS  Aguas Andinas,-33.62083,-70.71167
887,Los Despachos,-36.062114,-72.371438833
